,hops,totalDelay,spf,dkim,dmarc,subject,from,to,attachments,grammarErrors,counts.characterCount,counts.wordCount,counts.sentenceCount,readability.flesch_kincaid,readability.gunning_fog,readability.smog_index,readability.automated_readability_index,readability.coleman_liau_index,readability.linsear_write,sentiment.polarity,sentiment.subjectivity
"ðŸ”Ž Discover your next career move.eml","5","8.033333333333333","pass","pass","pass","ðŸ”Ž Discover your next career move","handshake@g.joinhandshake.com","ewz190000@utdallas.edu","","2","660","102","4","13.2","14.51","13.4","16.6","13.12","12.0","0.43174603174603177","0.4547619047619047"
"[ecs.cs.ug] FY21 MSFC Pathways Intern Job Vacancy Announcement (opening September 14-16, 2020).eml","10","2.0166666666666666","softfail","none","fail","[ecs.cs.ug] FY21 MSFC Pathways Intern Job Vacancy Announcement
 (opening September 14-16, 2020)","jeyv@utdallas.edu","ecs.cs.ug@utdallas.edu,ecs.se.ug@utdallas.edu","image001.jpg","17","2976","405","6","32.0","32.43","25.4","42.3","18.53","16.25","0.11666666666666667","0.3315476190476191"
"[ecs.stu] Best practices for your job search.eml","11","20.016666666666666","softfail","fail","fail","[ecs.stu] Best practices for your job search","jerry.alexander@utdallas.edu","jerry.alexander@utdallas.edu","","23","4348","660","18","20.0","19.65","17.4","22.4","13.7","11.333333333333334","0.3283889560052351","0.4800807074062888"
"Texas Instruments Inc. is coming to career fair! ðŸŽˆ.eml","5","1.3166666666666667","pass","pass","pass","Texas Instruments Inc. is coming to career fair! ðŸŽˆ","handshake@notifications.joinhandshake.com","ewz190000@utdallas.edu","","12","942","148","6","11.7","13.12","13.3","16.1","12.6","21.666666666666668","0.5777777777777778","0.7111111111111111"
"ðŸ‘€ See who's hiring.eml","5","21.15","pass","pass","pass","ðŸ‘€ See who's hiring","handshake@g.joinhandshake.com","ewz190000@utdallas.edu","","8","1100","155","4","20.8","21.46","19.0","26.3","17.24","37.0","0.2942390942390942","0.48806193806193804"
"Scott from DoorDash has sent you a message on Handshake.eml","5","0.06666666666666667","pass","pass","pass","Scott from DoorDash has sent you a message on Handshake","handshake@notifications.joinhandshake.com","ewz190000@utdallas.edu","","3","1553","257","9","13.3","14.24","13.9","16.7","11.49","21.666666666666668","0.1701048951048951","0.4163752913752914"
"[ecs.stu] Fall recruiting update.eml","11","0.9","softfail","fail","fail","[ecs.stu] Fall recruiting update","jerry.alexander@utdallas.edu","jerry.alexander@utdallas.edu","","8","1332","189","9","13.8","14.75","15.3","17.5","16.59","11.666666666666666","0.5518939393939394","0.6257575757575757"
"That thing youâ€™ve always wanted to do?.eml","4","0.06666666666666667","pass","pass","pass","That thing youâ€™ve always wanted to do?","support@email.masterclass.com","ewz190000@utdallas.edu","","14","569","85","1","37.6","35.88","0.0","46.2","14.01","16.5","0.5214285714285715","0.3964285714285714"
